fecha,PrecioGas
2015-12-16,19.67
2015-12-17,
2015-12-18,19.4
2015-12-19,
2015-12-20,
2015-12-21,
2015-12-22,
2015-12-23,
2015-12-24,
2015-12-25,
2015-12-26,
2015-12-27,
2015-12-28,
2015-12-29,19.25
2015-12-30,
2015-12-31,
2016-01-01,
2016-01-02,
2016-01-03,
2016-01-04,
2016-01-05,19.0
2016-01-06,
2016-01-07,18.75
2016-01-08,
2016-01-09,
2016-01-10,
2016-01-11,
2016-01-12,18.5
2016-01-13,
2016-01-14,17.69
2016-01-15,17.52
2016-01-16,17.49
2016-01-17,17.38
2016-01-18,17.31
2016-01-19,17.69
2016-01-20,17.47
2016-01-21,16.94
2016-01-22,16.89
2016-01-23,16.62
2016-01-24,16.79
2016-01-25,16.76
2016-01-26,16.79
2016-01-27,16.98
2016-01-28,16.98
2016-01-29,16.97
2016-01-30,16.83
2016-01-31,16.93
2016-02-01,16.93
2016-02-02,16.93
2016-02-03,16.81
2016-02-04,16.89
2016-02-05,16.19
2016-02-06,16.0
2016-02-07,16.24
2016-02-08,16.54
2016-02-09,16.73
2016-02-10,16.6
2016-02-11,16.27
2016-02-12,15.98
2016-02-13,15.97
2016-02-14,16.62
2016-02-15,16.11
2016-02-16,16.13
2016-02-17,16.34
2016-02-18,16.26
2016-02-19,16.04
2016-02-20,16.04
2016-02-21,16.24
2016-02-22,16.29
2016-02-23,16.18
2016-02-24,16.21
2016-02-25,16.18
2016-02-26,16.18
2016-02-27,16.04
2016-02-28,16.2
2016-02-29,16.24
2016-03-01,16.21
2016-03-02,16.1
2016-03-03,15.89
2016-03-04,15.69
2016-03-05,16.4
2016-03-06,16.38
2016-03-07,16.04
2016-03-08,15.91
2016-03-09,16.19
2016-03-10,16.09
2016-03-11,16.04
2016-03-12,16.15
2016-03-13,16.35
2016-03-14,16.21
2016-03-15,16.14
2016-03-16,16.15
2016-03-17,16.04
2016-03-18,15.93
2016-03-19,15.94
2016-03-20,16.14
2016-03-21,15.94
2016-03-22,15.83
2016-03-23,15.76
2016-03-24,15.69
2016-03-25,15.54
2016-03-26,15.52
2016-03-27,15.39
2016-03-28,15.0
2016-03-29,14.99
2016-03-30,14.89
2016-03-31,14.5
2016-04-01,13.85
2016-04-02,13.54
2016-04-03,13.73
2016-04-04,13.64
2016-04-05,13.5
2016-04-06,13.55
2016-04-07,13.49
2016-04-08,13.24
2016-04-09,13.1
2016-04-10,13.0
2016-04-11,13.05
2016-04-12,13.04
2016-04-13,13.1
2016-04-14,13.04
2016-04-15,12.88
2016-04-16,12.74
2016-04-17,12.78
2016-04-18,12.59
2016-04-19,12.56
2016-04-20,12.9
2016-04-21,13.33
2016-04-22,13.74
2016-04-23,13.45
2016-04-24,13.65
2016-04-25,13.57
2016-04-26,14.16
2016-04-27,14.67
2016-04-28,14.62
2016-04-29,13.53
2016-04-30,13.7
2016-05-01,13.8
2016-05-02,13.9
2016-05-03,13.5
2016-05-04,12.97
2016-05-05,12.48
2016-05-06,12.47
2016-05-07,13.2
2016-05-08,12.5
2016-05-09,12.72
2016-05-10,12.68
2016-05-11,12.78
2016-05-12,13.25
2016-05-13,13.19
2016-05-14,12.74
2016-05-15,12.7
2016-05-16,12.7
2016-05-17,13.25
2016-05-18,13.25
2016-05-19,13.36
2016-05-20,13.29
2016-05-21,13.6
2016-05-22,13.74
2016-05-23,13.3
2016-05-24,13.45
2016-05-25,13.63
2016-05-26,13.77
2016-05-27,13.78
2016-05-28,14.2
2016-05-29,13.95
2016-05-30,14.07
2016-05-31,14.27
2016-06-01,14.05
2016-06-02,14.05
2016-06-03,14.36
2016-06-04,14.25
2016-06-05,14.3
2016-06-06,14.36
2016-06-07,14.54
2016-06-08,14.55
2016-06-09,14.53
2016-06-10,15.05
2016-06-11,15.22
2016-06-12,14.55
2016-06-13,14.46
2016-06-14,14.09
2016-06-15,14.02
2016-06-16,13.89
2016-06-17,14.1
2016-06-18,15.0
2016-06-19,14.9
2016-06-20,14.76
2016-06-21,15.12
2016-06-22,15.04
2016-06-23,15.04
2016-06-24,15.16
2016-06-25,15.35
2016-06-26,15.35
2016-06-27,15.31
2016-06-28,15.02
2016-06-29,15.07
2016-06-30,15.28
2016-07-01,15.22
2016-07-02,15.24
2016-07-03,15.21
2016-07-04,14.93
2016-07-05,14.93
2016-07-06,14.8
2016-07-07,14.79
2016-07-08,14.71
2016-07-09,14.79
2016-07-10,14.94
2016-07-11,14.93
2016-07-12,14.9
2016-07-13,14.67
2016-07-14,14.65
2016-07-15,14.83
2016-07-16,15.15
2016-07-17,15.3
2016-07-18,15.25
2016-07-19,14.86
2016-07-20,15.04
2016-07-21,15.2
2016-07-22,15.75
2016-07-23,16.1
2016-07-24,16.26
2016-07-25,16.42
2016-07-26,16.42
2016-07-27,16.0
2016-07-28,15.97
2016-07-29,15.9
2016-07-30,16.0
2016-07-31,16.16
2016-08-01,16.19
2016-08-02,15.79
2016-08-03,15.62
2016-08-04,15.6
2016-08-05,15.52
2016-08-06,15.6
2016-08-07,15.76
2016-08-08,15.3
2016-08-09,15.05
2016-08-10,14.89
2016-08-11,14.92
2016-08-12,15.17
2016-08-13,15.4
2016-08-14,15.71
2016-08-15,15.87
2016-08-16,15.49
2016-08-17,15.34
2016-08-18,15.66
2016-08-19,15.84
2016-08-20,15.82
2016-08-21,15.82
2016-08-22,15.85
2016-08-23,16.03
2016-08-24,16.05
2016-08-25,15.88
2016-08-26,15.9
2016-08-27,15.9
2016-08-28,15.9
2016-08-29,15.85
2016-08-30,15.88
2016-08-31,16.05
2016-09-01,16.15
2016-09-02,16.48
2016-09-03,16.65
2016-09-04,16.59
2016-09-05,16.45
2016-09-06,16.43
2016-09-07,16.56
2016-09-08,16.95
2016-09-09,16.78
2016-09-10,16.8
2016-09-11,16.79
2016-09-12,17.1
2016-09-13,17.27
2016-09-14,17.6
2016-09-15,17.58
2016-09-16,17.33
2016-09-17,16.9
2016-09-18,16.8
2016-09-19,16.95
2016-09-20,16.82
2016-09-21,16.75
2016-09-22,16.89
2016-09-23,16.83
2016-09-24,16.8
2016-09-25,16.8
2016-09-26,16.83
2016-09-27,16.78
2016-09-28,16.79
2016-09-29,16.82
2016-09-30,16.94
2016-10-01,17.19
2016-10-02,16.73
2016-10-03,16.79
2016-10-04,17.09
2016-10-05,17.21
2016-10-06,17.92
2016-10-07,19.55
2016-10-08,18.0
2016-10-09,19.08
2016-10-10,19.16
2016-10-11,17.57
2016-10-12,18.16
2016-10-13,18.8
2016-10-14,18.4
2016-10-15,17.33
2016-10-16,19.3
2016-10-17,19.41
2016-10-18,19.9
2016-10-19,21.73
2016-10-20,21.75
2016-10-21,19.04
2016-10-22,18.9
2016-10-23,21.7
2016-10-24,21.74
2016-10-25,21.79
2016-10-26,21.9
2016-10-27,21.87
2016-10-28,19.88
2016-10-29,20.2
2016-10-30,21.15
2016-10-31,19.45
2016-11-01,21.44
2016-11-02,21.85
2016-11-03,21.5
2016-11-04,19.52
2016-11-05,20.8
2016-11-06,21.25
2016-11-07,21.51
2016-11-08,21.52
2016-11-09,22.33
2016-11-10,22.24
2016-11-11,21.93
2016-11-12,20.7
2016-11-13,21.8
2016-11-14,22.0
2016-11-15,22.24
2016-11-16,22.27
2016-11-17,22.85
2016-11-18,21.88
2016-11-19,20.49
2016-11-20,23.2
2016-11-21,22.82
2016-11-22,22.92
2016-11-23,22.99
2016-11-24,22.89
2016-11-25,20.97
2016-11-26,21.62
2016-11-27,23.68
2016-11-28,23.22
2016-11-29,23.27
2016-11-30,23.0
2016-12-01,23.16
2016-12-02,21.4
2016-12-03,23.11
2016-12-04,23.2
2016-12-05,23.32
2016-12-06,23.21
2016-12-07,22.74
2016-12-08,22.8
2016-12-09,22.06
2016-12-10,22.0
2016-12-11,23.15
2016-12-12,23.76
2016-12-13,26.03
2016-12-14,26.23
2016-12-15,26.22
2016-12-16,24.41
2016-12-17,25.8
2016-12-18,25.49
2016-12-19,25.29
2016-12-20,25.7
2016-12-21,26.94
2016-12-22,26.51
2016-12-23,25.46
2016-12-24,25.6
2016-12-25,25.4
2016-12-26,18.12
2016-12-27,22.27
2016-12-28,24.25
2016-12-29,24.67
2016-12-30,24.66
2016-12-31,24.5
2017-01-01,27.84
2017-01-02,28.5
2017-01-03,29.11
2017-01-04,29.07
2017-01-05,29.92
2017-01-06,32.69
2017-01-07,35.0
2017-01-08,38.6
2017-01-09,39.98
2017-01-10,40.74
2017-01-11,41.87
2017-01-12,41.84
2017-01-13,39.58
2017-01-14,36.0
2017-01-15,39.26
2017-01-16,40.27
2017-01-17,37.44
2017-01-18,36.45
2017-01-19,36.86
2017-01-20,36.9
2017-01-21,39.83
2017-01-22,43.0
2017-01-23,41.22
2017-01-24,41.31
2017-01-25,41.86
2017-01-26,41.61
2017-01-27,37.88
2017-01-28,35.94
2017-01-29,37.82
2017-01-30,36.72
2017-01-31,32.12
2017-02-01,29.16
2017-02-02,25.29
2017-02-03,25.7
2017-02-04,25.5
2017-02-05,28.79
2017-02-06,27.53
2017-02-07,25.43
2017-02-08,25.16
2017-02-09,24.5
2017-02-10,22.31
2017-02-11,22.38
2017-02-12,22.55
2017-02-13,21.35
2017-02-14,20.19
2017-02-15,20.1
2017-02-16,19.72
2017-02-17,19.29
2017-02-18,19.23
2017-02-19,19.7
2017-02-20,19.01
2017-02-21,18.55
2017-02-22,18.22
2017-02-23,18.4
2017-02-24,18.19
2017-02-25,18.31
2017-02-26,18.4
2017-02-27,18.13
2017-02-28,17.9
2017-03-01,17.59
2017-03-02,17.58
2017-03-03,16.86
2017-03-04,17.3
2017-03-05,17.4
2017-03-06,16.87
2017-03-07,16.99
2017-03-08,16.72
2017-03-09,16.36
2017-03-10,15.98
2017-03-11,15.87
2017-03-12,15.77
2017-03-13,15.96
2017-03-14,16.14
2017-03-15,16.52
2017-03-16,16.44
2017-03-17,16.07
2017-03-18,16.68
2017-03-19,18.5
2017-03-20,16.54
2017-03-21,16.8
2017-03-22,16.42
2017-03-23,16.68
2017-03-24,16.42
2017-03-25,17.29
2017-03-26,19.0
2017-03-27,17.0
2017-03-28,16.84
2017-03-29,16.77
2017-03-30,16.4
2017-03-31,17.12
2017-04-01,18.25
2017-04-02,18.11
2017-04-03,17.75
2017-04-04,18.34
2017-04-05,18.18
2017-04-06,18.08
2017-04-07,18.14
2017-04-08,18.21
2017-04-09,18.3
2017-04-10,18.16
2017-04-11,17.76
2017-04-12,17.93
2017-04-13,17.2
2017-04-14,17.9
2017-04-15,18.0
2017-04-16,
2017-04-17,18.14
2017-04-18,18.03
2017-04-19,17.85
2017-04-20,17.8
2017-04-21,17.9
2017-04-22,18.0
2017-04-23,18.2
2017-04-24,17.8
2017-04-25,17.51
2017-04-26,17.81
2017-04-27,18.14
2017-04-28,18.06
2017-04-29,18.5
2017-04-30,18.5
2017-05-01,18.5
2017-05-02,18.08
2017-05-03,18.31
2017-05-04,18.47
2017-05-05,18.12
2017-05-06,18.75
2017-05-07,18.75
2017-05-08,18.5
2017-05-09,18.15
2017-05-10,18.11
2017-05-11,18.01
2017-05-12,17.61
2017-05-13,18.19
2017-05-14,18.1
2017-05-15,18.19
2017-05-16,18.0
2017-05-17,18.0
2017-05-18,18.04
2017-05-19,17.69
2017-05-20,17.9
2017-05-21,18.0
2017-05-22,17.95
2017-05-23,17.76
2017-05-24,17.77
2017-05-25,17.8
2017-05-26,17.33
2017-05-27,17.4
2017-05-28,
2017-05-29,17.81
2017-05-30,18.01
2017-05-31,18.04
2017-06-01,18.04
2017-06-02,16.95
2017-06-03,17.08
2017-06-04,17.14
2017-06-05,17.14
2017-06-06,16.91
2017-06-07,16.9
2017-06-08,17.09
2017-06-09,17.01
2017-06-10,17.99
2017-06-11,18.29
2017-06-12,17.45
2017-06-13,17.62
2017-06-14,17.83
2017-06-15,17.73
2017-06-16,17.31
2017-06-17,17.7
2017-06-18,18.3
2017-06-19,18.24
2017-06-20,18.78
2017-06-21,18.77
2017-06-22,18.73
2017-06-23,17.69
2017-06-24,17.58
2017-06-25,18.64
2017-06-26,18.18
2017-06-27,17.18
2017-06-28,16.98
2017-06-29,17.31
2017-06-30,16.84
2017-07-01,16.49
2017-07-02,18.62
2017-07-03,17.41
2017-07-04,17.0
2017-07-05,17.19
2017-07-06,17.05
2017-07-07,16.57
2017-07-08,16.97
2017-07-09,17.39
2017-07-10,17.25
2017-07-11,17.09
2017-07-12,16.78
2017-07-13,16.82
2017-07-14,16.67
2017-07-15,16.86
2017-07-16,17.35
2017-07-17,16.89
2017-07-18,16.56
2017-07-19,16.5
2017-07-20,16.57
2017-07-21,16.51
2017-07-22,16.84
2017-07-23,17.1
2017-07-24,16.69
2017-07-25,16.43
2017-07-26,16.44
2017-07-27,16.54
2017-07-28,16.34
2017-07-29,16.99
2017-07-30,17.49
2017-07-31,17.14
2017-08-01,17.0
2017-08-02,17.25
2017-08-03,17.3
2017-08-04,16.1
2017-08-05,15.53
2017-08-06,16.99
2017-08-07,16.41
2017-08-08,16.3
2017-08-09,16.0
2017-08-10,16.05
2017-08-11,15.5
2017-08-12,16.18
2017-08-13,16.21
2017-08-14,16.04
2017-08-15,16.2
2017-08-16,16.29
2017-08-17,16.29
2017-08-18,15.97
2017-08-19,16.0
2017-08-20,17.5
2017-08-21,16.5
2017-08-22,16.72
2017-08-23,16.88
2017-08-24,16.94
2017-08-25,16.3
2017-08-26,16.94
2017-08-27,17.25
2017-08-28,17.59
2017-08-29,17.6
2017-08-30,17.86
2017-08-31,17.77
2017-09-01,16.7
2017-09-02,17.77
2017-09-03,18.0
2017-09-04,17.2
2017-09-05,17.2
2017-09-06,17.31
2017-09-07,17.32
2017-09-08,16.93
2017-09-09,16.47
2017-09-10,17.3
2017-09-11,17.28
2017-09-12,17.22
2017-09-13,17.31
2017-09-14,17.67
2017-09-15,17.89
2017-09-16,17.89
2017-09-17,18.2
2017-09-18,17.9
2017-09-19,17.91
2017-09-20,17.95
2017-09-21,18.25
2017-09-22,17.9
2017-09-23,17.6
2017-09-24,18.37
2017-09-25,18.33
2017-09-26,18.0
2017-09-27,18.67
2017-09-28,18.98
2017-09-29,17.48
2017-09-30,18.77
2017-10-01,18.9
2017-10-02,19.93
2017-10-03,20.11
2017-10-04,20.23
2017-10-05,20.38
2017-10-06,19.29
2017-10-07,20.55
2017-10-08,21.87
2017-10-09,22.63
2017-10-10,22.65
2017-10-11,21.71
2017-10-12,21.87
2017-10-13,20.91
2017-10-14,20.72
2017-10-15,21.6
2017-10-16,21.17
2017-10-17,20.8
2017-10-18,21.04
2017-10-19,21.23
2017-10-20,20.29
2017-10-21,20.98
2017-10-22,22.05
2017-10-23,21.89
2017-10-24,22.03
2017-10-25,22.35
2017-10-26,22.56
2017-10-27,21.12
2017-10-28,21.57
2017-10-29,22.23
2017-10-30,21.85
2017-10-31,20.92
2017-11-01,21.96
2017-11-02,21.36
2017-11-03,19.96
2017-11-04,21.48
2017-11-05,22.48
2017-11-06,21.29
2017-11-07,23.37
2017-11-08,23.58
2017-11-09,23.81
2017-11-10,23.02
2017-11-11,23.28
2017-11-12,24.5
2017-11-13,24.37
2017-11-14,25.45
2017-11-15,25.07
2017-11-16,24.67
2017-11-17,23.18
2017-11-18,23.78
2017-11-19,24.83
2017-11-20,25.15
2017-11-21,24.76
2017-11-22,24.5
2017-11-23,24.66
2017-11-24,24.64
2017-11-25,25.5
2017-11-26,25.45
2017-11-27,25.8
2017-11-28,26.16
2017-11-29,26.32
2017-11-30,26.99
2017-12-01,26.17
2017-12-02,27.0
2017-12-03,28.4
2017-12-04,29.5
2017-12-05,30.15
2017-12-06,28.93
2017-12-07,28.11
2017-12-08,27.37
2017-12-09,27.93
2017-12-10,28.0
2017-12-11,27.36
2017-12-12,28.13
2017-12-13,27.53
2017-12-14,26.81
2017-12-15,26.16
2017-12-16,26.2
2017-12-17,28.5
2017-12-18,27.66
2017-12-19,26.85
2017-12-20,26.85
2017-12-21,26.38
2017-12-22,24.75
2017-12-23,23.51
2017-12-24,22.8
2017-12-25,24.5
2017-12-26,23.27
2017-12-27,22.78
2017-12-28,22.95
2017-12-29,22.02
2017-12-30,22.5
2017-12-31,21.95
2018-01-01,24.5
2018-01-02,23.8
2018-01-03,20.81
2018-01-04,19.53
2018-01-05,20.26
2018-01-06,22.45
2018-01-07,23.57
2018-01-08,23.22
2018-01-09,23.06
2018-01-10,22.8
2018-01-11,22.02
2018-01-12,21.47
2018-01-13,21.37
2018-01-14,22.93
2018-01-15,21.91
2018-01-16,21.37
2018-01-17,20.92
2018-01-18,20.17
2018-01-19,19.51
2018-01-20,19.08
2018-01-21,19.26
2018-01-22,19.07
2018-01-23,18.99
2018-01-24,19.06
2018-01-25,18.94
2018-01-26,18.8
2018-01-27,19.42
2018-01-28,20.69
2018-01-29,19.45
2018-01-30,19.82
2018-01-31,20.84
2018-02-01,21.34
2018-02-02,20.94
2018-02-03,21.6
2018-02-04,23.48
2018-02-05,22.87
2018-02-06,22.68
2018-02-07,22.96
2018-02-08,22.62
2018-02-09,21.08
2018-02-10,21.08
2018-02-11,21.69
2018-02-12,22.01
2018-02-13,20.76
2018-02-14,21.08
2018-02-15,20.84
2018-02-16,19.89
2018-02-17,19.74
2018-02-18,21.4
2018-02-19,20.97
2018-02-20,20.95
2018-02-21,22.75
2018-02-22,23.03
2018-02-23,25.11
2018-02-24,25.28
2018-02-25,27.5
2018-02-26,26.6
2018-02-27,28.01
2018-02-28,33.69
2018-03-01,33.94
2018-03-02,27.54
2018-03-03,27.76
2018-03-04,26.86
2018-03-05,24.01
2018-03-06,23.4
2018-03-07,22.58
2018-03-08,22.38
2018-03-09,22.0
2018-03-10,22.15
2018-03-11,23.2
2018-03-12,25.86
2018-03-13,24.89
2018-03-14,23.68
2018-03-15,23.02
2018-03-16,23.53
2018-03-17,24.32
2018-03-18,26.15
2018-03-19,23.68
2018-03-20,23.19
2018-03-21,23.68
2018-03-22,22.8
2018-03-23,21.46
2018-03-24,20.32
2018-03-25,20.93
2018-03-26,21.34
2018-03-27,21.02
2018-03-28,20.05
2018-03-29,18.43
2018-03-30,18.99
2018-03-31,22.43
2018-04-01,22.97
2018-04-02,21.25
2018-04-03,20.33
2018-04-04,20.82
2018-04-05,21.7
2018-04-06,20.66
2018-04-07,20.19
2018-04-08,21.47
2018-04-09,21.4
2018-04-10,23.29
2018-04-11,23.14
2018-04-12,23.26
2018-04-13,22.18
2018-04-14,23.25
2018-04-15,23.17
2018-04-16,21.62
2018-04-17,20.95
2018-04-18,19.85
2018-04-19,19.93
2018-04-20,19.75
2018-04-21,20.0
2018-04-22,20.45
2018-04-23,20.15
2018-04-24,20.15
2018-04-25,20.02
2018-04-26,20.08
2018-04-27,20.06
2018-04-28,20.13
2018-04-29,20.09
2018-04-30,20.79
2018-05-01,20.72
2018-05-02,20.73
2018-05-03,20.67
2018-05-04,20.46
2018-05-05,20.44
2018-05-06,20.9
2018-05-07,21.84
2018-05-08,21.49
2018-05-09,21.68
2018-05-10,21.42
2018-05-11,21.34
2018-05-12,21.51
2018-05-13,22.42
2018-05-14,22.52
2018-05-15,22.83
2018-05-16,22.53
2018-05-17,22.79
2018-05-18,22.71
2018-05-19,23.14
2018-05-20,24.99
2018-05-21,23.48
2018-05-22,24.55
2018-05-23,24.87
2018-05-24,24.41
2018-05-25,22.89
2018-05-26,22.54
2018-05-27,22.59
2018-05-28,22.65
2018-05-29,23.13
2018-05-30,24.31
2018-05-31,24.08
2018-06-01,22.21
2018-06-02,21.92
2018-06-03,21.82
2018-06-04,22.44
2018-06-05,22.57
2018-06-06,22.52
2018-06-07,22.76
2018-06-08,22.58
2018-06-09,22.31
2018-06-10,22.77
2018-06-11,22.5
2018-06-12,22.81
2018-06-13,23.58
2018-06-14,24.97
2018-06-15,23.52
2018-06-16,23.55
2018-06-17,23.93
2018-06-18,23.83
2018-06-19,23.72
2018-06-20,23.22
2018-06-21,22.68
2018-06-22,22.38
2018-06-23,22.26
2018-06-24,22.39
2018-06-25,22.84
2018-06-26,23.66
2018-06-27,24.08
2018-06-28,23.85
2018-06-29,22.71
2018-06-30,24.88
2018-07-01,25.1
2018-07-02,25.36
2018-07-03,24.73
2018-07-04,24.55
2018-07-05,25.74
2018-07-06,24.24
2018-07-07,24.4
2018-07-08,27.0
2018-07-09,25.31
2018-07-10,25.84
2018-07-11,25.77
2018-07-12,25.48
2018-07-13,24.67
2018-07-14,25.91
2018-07-15,26.25
2018-07-16,25.11
2018-07-17,25.2
2018-07-18,25.14
2018-07-19,25.34
2018-07-20,25.12
2018-07-21,25.2
2018-07-22,25.0
2018-07-23,25.28
2018-07-24,25.27
2018-07-25,25.48
2018-07-26,25.46
2018-07-27,25.3
2018-07-28,25.1
2018-07-29,25.5
2018-07-30,26.06
2018-07-31,26.06
2018-08-01,25.34
2018-08-02,25.34
2018-08-03,25.59
2018-08-04,25.13
2018-08-05,26.71
2018-08-06,26.64
2018-08-07,26.28
2018-08-08,26.08
2018-08-09,25.11
2018-08-10,24.06
2018-08-11,25.43
2018-08-12,26.1
2018-08-13,25.91
2018-08-14,25.23
2018-08-15,25.53
2018-08-16,26.12
2018-08-17,25.68
2018-08-18,25.62
2018-08-19,26.54
2018-08-20,25.71
2018-08-21,26.35
2018-08-22,27.3
2018-08-23,27.42
2018-08-24,27.35
2018-08-25,26.95
2018-08-26,28.07
2018-08-27,28.16
2018-08-28,28.31
2018-08-29,28.7
2018-08-30,28.99
2018-08-31,28.75
2018-09-01,28.75
2018-09-02,29.56
2018-09-03,29.61
2018-09-04,29.45
2018-09-05,29.6
2018-09-06,29.64
2018-09-07,29.45
2018-09-08,30.84
2018-09-09,29.71
2018-09-10,29.61
2018-09-11,29.17
2018-09-12,29.11
2018-09-13,28.88
2018-09-14,27.97
2018-09-15,27.94
2018-09-16,28.53
2018-09-17,28.78
2018-09-18,29.3
2018-09-19,29.5
2018-09-20,29.72
2018-09-21,28.77
2018-09-22,28.53
2018-09-23,29.08
2018-09-24,29.58
2018-09-25,29.51
2018-09-26,29.14
2018-09-27,28.78
2018-09-28,28.14
2018-09-29,27.82
2018-09-30,29.32
2018-10-01,27.44
2018-10-02,27.97
2018-10-03,27.71
2018-10-04,27.6
2018-10-05,26.94
2018-10-06,27.27
2018-10-07,27.99
2018-10-08,27.97
2018-10-09,27.74
2018-10-10,27.23
2018-10-11,25.89
2018-10-12,25.49
2018-10-13,25.52
2018-10-14,28.18
2018-10-15,28.81
2018-10-16,28.93
2018-10-17,27.62
2018-10-18,26.53
2018-10-19,25.49
2018-10-20,25.8
2018-10-21,26.94
2018-10-22,25.96
2018-10-23,25.56
2018-10-24,26.22
2018-10-25,26.52
2018-10-26,25.28
2018-10-27,25.17
2018-10-28,26.0
2018-10-29,26.6
2018-10-30,27.06
2018-10-31,25.82
2018-11-01,25.48
2018-11-02,24.71
2018-11-03,25.31
2018-11-04,26.06
2018-11-05,25.31
2018-11-06,25.25
2018-11-07,25.88
2018-11-08,25.55
2018-11-09,23.91
2018-11-10,24.17
2018-11-11,25.99
2018-11-12,26.84
2018-11-13,27.15
2018-11-14,26.99
2018-11-15,26.75
2018-11-16,25.98
2018-11-17,25.89
2018-11-18,26.79
2018-11-19,26.59
2018-11-20,26.6
2018-11-21,26.67
2018-11-22,26.78
2018-11-23,25.93
2018-11-24,25.8
2018-11-25,26.45
2018-11-26,26.75
2018-11-27,27.1
2018-11-28,26.57
2018-11-29,26.67
2018-11-30,25.66
2018-12-01,25.6
2018-12-02,26.82
2018-12-03,26.57
2018-12-04,25.99
2018-12-05,25.29
2018-12-06,24.88
2018-12-07,24.69
2018-12-08,25.04
2018-12-09,25.49
2018-12-10,25.65
2018-12-11,25.88
2018-12-12,25.8
2018-12-13,25.51
2018-12-14,24.97
2018-12-15,25.08
2018-12-16,25.64
2018-12-17,25.81
2018-12-18,25.98
2018-12-19,25.93
2018-12-20,25.6
2018-12-21,24.46
2018-12-22,24.63
2018-12-23,25.3
2018-12-24,24.7
2018-12-25,25.0
2018-12-26,24.6
2018-12-27,24.9
2018-12-28,24.03
2018-12-29,24.92
2018-12-30,24.87
2018-12-31,24.28
2019-01-01,27.17
2019-01-02,24.5
2019-01-03,24.76
2019-01-04,24.94
2019-01-05,25.58
2019-01-06,26.05
2019-01-07,24.92
2019-01-08,24.74
2019-01-09,25.31
2019-01-10,25.09
2019-01-11,24.75
2019-01-12,24.89
2019-01-13,25.59
2019-01-14,25.94
2019-01-15,26.98
2019-01-16,27.76
2019-01-17,26.5
2019-01-18,25.62
2019-01-19,25.84
2019-01-20,27.58
2019-01-21,26.06
2019-01-22,24.57
2019-01-23,24.8
2019-01-24,24.99
2019-01-25,24.52
2019-01-26,23.16
2019-01-27,24.32
2019-01-28,24.08
2019-01-29,23.87
2019-01-30,23.45
2019-01-31,22.71
2019-02-01,20.53
2019-02-02,21.86
2019-02-03,23.29
2019-02-04,23.52
2019-02-05,23.09
2019-02-06,22.11
2019-02-07,21.88
2019-02-08,20.93
2019-02-09,20.91
2019-02-10,21.94
2019-02-11,21.16
2019-02-12,20.66
2019-02-13,20.78
2019-02-14,20.74
2019-02-15,19.99
2019-02-16,19.97
2019-02-17,21.08
2019-02-18,20.69
2019-02-19,20.42
2019-02-20,20.61
2019-02-21,20.68
2019-02-22,20.19
2019-02-23,20.31
2019-02-24,20.6
2019-02-25,20.12
2019-02-26,19.85
2019-02-27,19.44
2019-02-28,18.97
2019-03-01,18.26
2019-03-02,19.18
2019-03-03,19.99
2019-03-04,19.44
2019-03-05,19.16
2019-03-06,19.4
2019-03-07,19.8
2019-03-08,18.92
2019-03-09,19.47
2019-03-10,20.43
2019-03-11,19.74
2019-03-12,18.79
2019-03-13,18.73
2019-03-14,19.13
2019-03-15,17.29
2019-03-16,16.23
2019-03-17,18.18
2019-03-18,17.61
2019-03-19,17.11
2019-03-20,17.81
2019-03-21,17.94
2019-03-22,16.71
2019-03-23,16.29
2019-03-24,17.7
2019-03-25,16.89
2019-03-26,16.43
2019-03-27,16.94
2019-03-28,17.04
2019-03-29,15.67
2019-03-30,15.94
2019-03-31,17.73
2019-04-01,17.62
2019-04-02,17.71
2019-04-03,17.89
2019-04-04,17.63
2019-04-05,16.58
2019-04-06,17.04
2019-04-07,18.69
2019-04-08,17.64
2019-04-09,18.33
2019-04-10,18.31
2019-04-11,18.91
2019-04-12,18.13
2019-04-13,18.36
2019-04-14,18.0
2019-04-15,15.5
2019-04-16,13.62
2019-04-17,13.73
2019-04-18,14.31
2019-04-19,15.02
2019-04-20,14.35
2019-04-21,15.35
2019-04-22,14.8
2019-04-23,15.04
2019-04-24,16.01
2019-04-25,16.93
2019-04-26,17.0
2019-04-27,17.12
2019-04-28,17.69
2019-04-29,18.06
2019-04-30,15.34
2019-05-01,14.31
2019-05-02,13.84
2019-05-03,13.7
2019-05-04,13.83
2019-05-05,15.39
2019-05-06,15.61
2019-05-07,14.81
2019-05-08,14.9
2019-05-09,14.81
2019-05-10,14.56
2019-05-11,14.35
2019-05-12,15.14
2019-05-13,15.06
2019-05-14,14.98
2019-05-15,14.78
2019-05-16,14.22
2019-05-17,13.8
2019-05-18,14.29
2019-05-19,15.34
2019-05-20,15.37
2019-05-21,15.37
2019-05-22,15.71
2019-05-23,15.21
2019-05-24,13.39
2019-05-25,13.76
2019-05-26,14.42
2019-05-27,14.17
2019-05-28,14.12
2019-05-29,14.06
2019-05-30,14.36
2019-05-31,14.11
2019-06-01,13.94
2019-06-02,14.85
2019-06-03,14.83
2019-06-04,13.67
2019-06-05,13.28
2019-06-06,12.86
2019-06-07,12.67
2019-06-08,13.17
2019-06-09,14.73
2019-06-10,13.79
2019-06-11,13.79
2019-06-12,13.65
2019-06-13,13.42
2019-06-14,13.04
2019-06-15,13.32
2019-06-16,13.93
2019-06-17,13.39
2019-06-18,13.23
2019-06-19,13.14
2019-06-20,13.08
2019-06-21,12.19
2019-06-22,12.48
2019-06-23,13.45
2019-06-24,13.45
2019-06-25,13.33
2019-06-26,12.84
2019-06-27,13.28
2019-06-28,12.4
2019-06-29,12.36
2019-06-30,13.16
2019-07-01,14.48
2019-07-02,14.9
2019-07-03,14.92
2019-07-04,14.95
2019-07-05,13.86
2019-07-06,14.01
2019-07-07,15.23
2019-07-08,14.28
2019-07-09,14.16
2019-07-10,14.39
2019-07-11,14.58
2019-07-12,14.4
2019-07-13,14.29
2019-07-14,15.47
2019-07-15,15.53
2019-07-16,15.67
2019-07-17,14.74
2019-07-18,14.2
2019-07-19,13.35
2019-07-20,13.24
2019-07-21,15.4
2019-07-22,14.97
2019-07-23,13.8
2019-07-24,13.61
2019-07-25,13.31
2019-07-26,11.34
2019-07-27,11.4
2019-07-28,
2019-07-29,13.07
2019-07-30,11.79
2019-07-31,11.87
2019-08-01,12.47
2019-08-02,12.91
2019-08-03,13.23
2019-08-04,14.2
2019-08-05,13.68
2019-08-06,13.05
2019-08-07,13.19
2019-08-08,12.61
2019-08-09,12.33
2019-08-10,12.19
2019-08-11,11.8
2019-08-12,11.69
2019-08-13,11.67
2019-08-14,11.37
2019-08-15,11.41
2019-08-16,11.22
2019-08-17,11.08
2019-08-18,11.67
2019-08-19,10.92
2019-08-20,10.89
2019-08-21,10.89
2019-08-22,11.11
2019-08-23,10.92
2019-08-24,10.72
2019-08-25,11.5
2019-08-26,12.64
2019-08-27,13.35
2019-08-28,13.08
2019-08-29,12.91
2019-08-30,11.58
2019-08-31,10.71
2019-09-01,11.1
2019-09-02,11.04
2019-09-03,10.67
2019-09-04,10.14
2019-09-05,8.56
2019-09-06,8.28
2019-09-07,9.1
2019-09-08,10.76
2019-09-09,10.69
2019-09-10,9.81
2019-09-11,10.24
2019-09-12,10.65
2019-09-13,10.95
2019-09-14,11.03
2019-09-15,13.47
2019-09-16,14.3
2019-09-17,14.43
2019-09-18,14.27
2019-09-19,13.8
2019-09-20,11.2
2019-09-21,11.79
2019-09-22,12.8
2019-09-23,13.02
2019-09-24,13.37
2019-09-25,13.63
2019-09-26,13.81
2019-09-27,13.92
2019-09-28,13.73
2019-09-29,14.04
2019-09-30,13.05
2019-10-01,10.96
2019-10-02,12.49
2019-10-03,13.39
2019-10-04,13.93
2019-10-05,13.5
2019-10-06,14.58
2019-10-07,14.58
2019-10-08,13.9
2019-10-09,12.7
2019-10-10,11.66
2019-10-11,11.54
2019-10-12,12.09
2019-10-13,12.45
2019-10-14,12.28
2019-10-15,13.26
2019-10-16,13.67
2019-10-17,12.89
2019-10-18,12.31
2019-10-19,13.41
2019-10-20,13.61
2019-10-21,13.86
2019-10-22,13.87
2019-10-23,13.87
2019-10-24,13.38
2019-10-25,12.91
2019-10-26,12.65
2019-10-27,13.69
2019-10-28,13.94
2019-10-29,13.81
2019-10-30,12.57
2019-10-31,9.03
2019-11-01,8.36
2019-11-02,7.89
2019-11-03,8.39
2019-11-04,9.05
2019-11-05,10.97
2019-11-06,12.94
2019-11-07,11.94
2019-11-08,13.11
2019-11-09,13.56
2019-11-10,14.71
2019-11-11,15.0
2019-11-12,14.27
2019-11-13,14.38
2019-11-14,14.46
2019-11-15,14.33
2019-11-16,14.77
2019-11-17,15.36
2019-11-18,15.67
2019-11-19,16.02
2019-11-20,16.01
2019-11-21,14.52
2019-11-22,13.64
2019-11-23,14.31
2019-11-24,15.17
2019-11-25,15.55
2019-11-26,15.06
2019-11-27,14.72
2019-11-28,14.88
2019-11-29,14.0
2019-11-30,14.8
2019-12-01,15.19
2019-12-02,15.16
2019-12-03,15.21
2019-12-04,14.51
2019-12-05,13.98
2019-12-06,14.15
2019-12-07,13.32
2019-12-08,13.44
2019-12-09,13.68
2019-12-10,13.49
2019-12-11,12.95
2019-12-12,12.59
2019-12-13,11.85
2019-12-14,11.59
2019-12-15,12.58
2019-12-16,12.61
2019-12-17,12.38
2019-12-18,11.08
2019-12-19,10.31
2019-12-20,9.79
2019-12-21,10.27
2019-12-22,9.97
2019-12-23,9.5
2019-12-24,9.0
2019-12-25,8.51
2019-12-26,8.95
2019-12-27,9.36
2019-12-28,11.2
2019-12-29,12.67
2019-12-30,11.85
2019-12-31,11.37
2020-01-01,11.89
2020-01-02,11.69
2020-01-03,11.11
2020-01-04,12.52
2020-01-05,12.93
2020-01-06,12.89
2020-01-07,12.83
2020-01-08,13.75
2020-01-09,12.53
2020-01-10,11.67
2020-01-11,11.77
2020-01-12,12.54
2020-01-13,12.38
2020-01-14,11.6
2020-01-15,11.4
2020-01-16,11.37
2020-01-17,11.12
2020-01-18,11.09
2020-01-19,11.89
2020-01-20,11.32
2020-01-21,11.96
2020-01-22,13.6
2020-01-23,14.0
2020-01-24,11.91
2020-01-25,10.94
2020-01-26,11.48
2020-01-27,11.23
2020-01-28,11.0
2020-01-29,10.77
2020-01-30,10.28
2020-01-31,9.46
2020-02-01,9.75
2020-02-02,10.76
2020-02-03,10.11
2020-02-04,9.8
2020-02-05,10.33
2020-02-06,10.33
2020-02-07,9.81
2020-02-08,9.79
2020-02-09,10.04
2020-02-10,9.81
2020-02-11,9.9
2020-02-12,9.71
2020-02-13,9.99
2020-02-14,9.47
2020-02-15,9.16
2020-02-16,9.81
2020-02-17,9.72
2020-02-18,10.24
2020-02-19,11.0
2020-02-20,10.74
2020-02-21,10.02
2020-02-22,10.2
2020-02-23,10.87
2020-02-24,9.39
2020-02-25,9.2
2020-02-26,9.05
2020-02-27,9.08
2020-02-28,8.73
2020-02-29,9.2
2020-03-01,8.92
2020-03-02,8.55
2020-03-03,8.94
2020-03-04,8.98
2020-03-05,8.87
2020-03-06,8.65
2020-03-07,8.97
2020-03-08,9.45
2020-03-09,9.2
2020-03-10,9.33
2020-03-11,9.19
2020-03-12,9.19
2020-03-13,8.95
2020-03-14,9.46
2020-03-15,10.28
2020-03-16,9.83
2020-03-17,9.41
2020-03-18,8.86
2020-03-19,8.37
2020-03-20,7.93
2020-03-21,8.3
2020-03-22,8.55
2020-03-23,8.43
2020-03-24,8.61
2020-03-25,7.85
2020-03-26,7.34
2020-03-27,7.32
2020-03-28,7.26
2020-03-29,7.23
2020-03-30,7.01
2020-03-31,7.31
2020-04-01,7.8
2020-04-02,9.08
2020-04-03,7.46
2020-04-04,7.38
2020-04-05,8.67
2020-04-06,7.91
2020-04-07,8.02
2020-04-08,8.03
2020-04-09,8.23
2020-04-10,8.14
2020-04-11,8.55
2020-04-12,8.73
2020-04-13,8.78
2020-04-14,8.1
2020-04-15,7.85
2020-04-16,7.44
2020-04-17,7.08
2020-04-18,7.01
2020-04-19,7.22
2020-04-20,6.97
2020-04-21,6.9
2020-04-22,6.8
2020-04-23,6.53
2020-04-24,5.77
2020-04-25,5.94
2020-04-26,6.29
2020-04-27,6.31
2020-04-28,6.38
2020-04-29,6.33
2020-04-30,5.8
2020-05-01,5.77
2020-05-02,6.15
2020-05-03,6.25
2020-05-04,5.99
2020-05-05,5.98
2020-05-06,5.63
2020-05-07,5.51
2020-05-08,5.38
2020-05-09,5.72
2020-05-10,6.03
2020-05-11,5.91
2020-05-12,5.73
2020-05-13,5.69
2020-05-14,5.47
2020-05-15,5.27
2020-05-16,5.18
2020-05-17,5.25
2020-05-18,5.64
2020-05-19,5.21
2020-05-20,5.2
2020-05-21,4.75
2020-05-22,4.14
2020-05-23,4.19
2020-05-24,4.6
2020-05-25,4.96
2020-05-26,5.02
2020-05-27,4.71
2020-05-28,5.05
2020-05-29,5.28
2020-05-30,5.48
2020-05-31,5.83
2020-06-01,6.17
2020-06-02,6.02
2020-06-03,6.15
2020-06-04,5.45
2020-06-05,5.5
2020-06-06,5.5
2020-06-07,5.92
2020-06-08,6.38
2020-06-09,5.94
2020-06-10,5.3
2020-06-11,5.08
2020-06-12,5.22
2020-06-13,5.63
2020-06-14,6.16
2020-06-15,6.94
2020-06-16,7.43
2020-06-17,7.81
2020-06-18,8.03
2020-06-19,6.85
2020-06-20,6.11
2020-06-21,6.9
2020-06-22,6.97
2020-06-23,7.07
2020-06-24,7.42
2020-06-25,7.15
2020-06-26,6.64
2020-06-27,6.71
2020-06-28,7.64
2020-06-29,7.33
2020-06-30,7.35
2020-07-01,7.26
2020-07-02,6.61
2020-07-03,6.17
2020-07-04,5.42
2020-07-05,6.14
2020-07-06,6.37
2020-07-07,6.76
2020-07-08,7.67
2020-07-09,7.34
2020-07-10,5.66
2020-07-11,5.56
2020-07-12,6.39
2020-07-13,5.69
2020-07-14,5.18
2020-07-15,5.19
2020-07-16,5.55
2020-07-17,5.4
2020-07-18,5.94
2020-07-19,6.23
2020-07-20,6.02
2020-07-21,7.37
2020-07-22,7.3
2020-07-23,7.3
2020-07-24,6.45
2020-07-25,6.24
2020-07-26,7.3
2020-07-27,6.91
2020-07-28,6.77
2020-07-29,6.89
2020-07-30,7.21
2020-07-31,7.39
2020-08-01,6.88
2020-08-02,7.91
2020-08-03,8.31
2020-08-04,8.88
2020-08-05,9.52
2020-08-06,9.63
2020-08-07,9.09
2020-08-08,8.79
2020-08-09,9.82
2020-08-10,9.73
2020-08-11,9.51
2020-08-12,9.21
2020-08-13,9.0
2020-08-14,8.11
2020-08-15,8.35
2020-08-16,8.67
2020-08-17,10.05
2020-08-18,8.99
2020-08-19,8.85
2020-08-20,8.67
2020-08-21,7.88
2020-08-22,7.01
2020-08-23,9.6
2020-08-24,10.14
2020-08-25,10.85
2020-08-26,12.06
2020-08-27,11.66
2020-08-28,9.55
2020-08-29,9.89
2020-08-30,12.5
2020-08-31,11.97
2020-09-01,11.87
2020-09-02,11.74
2020-09-03,11.26
2020-09-04,10.65
2020-09-05,12.72
2020-09-06,12.54
2020-09-07,11.73
2020-09-08,11.52
2020-09-09,11.42
2020-09-10,11.38
2020-09-11,9.69
2020-09-12,9.53
2020-09-13,10.99
2020-09-14,12.56
2020-09-15,11.75
2020-09-16,12.0
2020-09-17,11.99
2020-09-18,10.63
2020-09-19,10.96
2020-09-20,11.98
2020-09-21,12.05
2020-09-22,11.78
2020-09-23,11.04
2020-09-24,10.74
2020-09-25,10.35
2020-09-26,10.18
2020-09-27,11.24
2020-09-28,11.83
2020-09-29,12.81
2020-09-30,11.7
2020-10-01,10.81
2020-10-02,11.28
2020-10-03,11.77
2020-10-04,11.61
2020-10-05,12.32
2020-10-06,12.4
2020-10-07,13.09
2020-10-08,13.22
2020-10-09,12.51
2020-10-10,12.42
2020-10-11,12.33
2020-10-12,12.75
2020-10-13,12.88
2020-10-14,13.13
2020-10-15,13.9
2020-10-16,14.1
2020-10-17,14.57
2020-10-18,14.32
2020-10-19,14.3
2020-10-20,14.44
2020-10-21,14.83
2020-10-22,14.96
2020-10-23,15.07
2020-10-24,14.53
2020-10-25,14.69
2020-10-26,14.69
2020-10-27,14.7
2020-10-28,14.44
2020-10-29,13.88
2020-10-30,13.41
2020-10-31,12.56
2020-11-01,13.36
2020-11-02,13.1
2020-11-03,13.35
2020-11-04,13.42
2020-11-05,13.88
2020-11-06,13.47
2020-11-07,13.58
2020-11-08,13.89
2020-11-09,13.99
2020-11-10,14.17
2020-11-11,14.09
2020-11-12,14.15
2020-11-13,13.92
2020-11-14,13.76
2020-11-15,14.27
2020-11-16,14.73
2020-11-17,14.71
2020-11-18,14.34
2020-11-19,14.0
2020-11-20,12.8
2020-11-21,12.86
2020-11-22,14.12
2020-11-23,15.03
2020-11-24,16.14
2020-11-25,15.76
2020-11-26,15.35
2020-11-27,15.74
2020-11-28,15.47
2020-11-29,16.82
2020-11-30,17.01
2020-12-01,17.49
2020-12-02,16.7
2020-12-03,16.71
2020-12-04,15.95
2020-12-05,16.17
2020-12-06,16.37
2020-12-07,16.24
2020-12-08,16.68
2020-12-09,18.1
2020-12-10,17.24
2020-12-11,16.49
2020-12-12,17.14
2020-12-13,17.74
2020-12-14,18.44
2020-12-15,19.02
2020-12-16,19.81
2020-12-17,18.84
2020-12-18,17.95
2020-12-19,17.78
2020-12-20,18.58
2020-12-21,18.29
2020-12-22,18.81
2020-12-23,18.66
2020-12-24,18.61
2020-12-25,18.0
2020-12-26,17.9
2020-12-27,19.22
2020-12-28,20.08
2020-12-29,21.57
2020-12-30,22.41
2020-12-31,21.32
2021-01-01,20.58
2021-01-02,21.56
2021-01-03,23.56
2021-01-04,26.69
2021-01-05,31.67
2021-01-06,38.95
2021-01-07,51.13
2021-01-08,58.66
2021-01-09,44.65
2021-01-10,34.77
2021-01-11,30.47
2021-01-12,32.79
2021-01-13,30.04
2021-01-14,29.18
2021-01-15,28.2
2021-01-16,26.4
2021-01-17,27.11
2021-01-18,27.43
2021-01-19,26.98
2021-01-20,24.58
2021-01-21,23.08
2021-01-22,22.65
2021-01-23,24.61
2021-01-24,24.49
2021-01-25,23.34
2021-01-26,22.09
2021-01-27,19.71
2021-01-28,20.51
2021-01-29,20.79
2021-01-30,19.66
2021-01-31,19.91
2021-02-01,18.11
2021-02-02,17.78
2021-02-03,17.47
2021-02-04,17.85
2021-02-05,17.8
2021-02-06,17.75
2021-02-07,18.0
2021-02-08,18.93
2021-02-09,18.19
2021-02-10,18.31
2021-02-11,17.72
2021-02-12,16.93
2021-02-13,16.67
2021-02-14,17.32
2021-02-15,16.1
2021-02-16,16.13
2021-02-17,16.43
2021-02-18,16.05
2021-02-19,15.81
2021-02-20,15.94
2021-02-21,16.28
2021-02-22,15.75
2021-02-23,15.77
2021-02-24,15.75
2021-02-25,15.83
2021-02-26,15.34
2021-02-27,15.23
2021-02-28,16.42
2021-03-01,16.44
2021-03-02,16.24
2021-03-03,16.1
2021-03-04,16.13
2021-03-05,15.91
2021-03-06,16.46
2021-03-07,17.22
2021-03-08,16.62
2021-03-09,17.07
2021-03-10,17.87
2021-03-11,17.78
2021-03-12,17.47
2021-03-13,17.96
2021-03-14,18.95
2021-03-15,18.45
2021-03-16,17.42
2021-03-17,17.26
2021-03-18,17.81
2021-03-19,17.51
2021-03-20,16.58
2021-03-21,17.72
2021-03-22,18.22
2021-03-23,18.58
2021-03-24,18.56
2021-03-25,18.49
2021-03-26,17.93
2021-03-27,17.78
2021-03-28,18.42
2021-03-29,17.93
2021-03-30,18.06
2021-03-31,18.59
2021-04-01,18.74
2021-04-02,19.22
2021-04-03,19.04
2021-04-04,19.25
2021-04-05,19.46
2021-04-06,19.95
2021-04-07,20.49
2021-04-08,20.13
2021-04-09,19.48
2021-04-10,19.54
2021-04-11,20.47
2021-04-12,21.06
2021-04-13,21.08
2021-04-14,20.9
2021-04-15,21.23
2021-04-16,21.21
2021-04-17,21.52
2021-04-18,22.7
2021-04-19,22.96
2021-04-20,22.2
2021-04-21,22.53
2021-04-22,21.98
2021-04-23,21.4
2021-04-24,20.39
2021-04-25,22.15
2021-04-26,22.03
2021-04-27,22.44
2021-04-28,23.12
2021-04-29,22.97
2021-04-30,22.91
2021-05-01,22.95
2021-05-02,25.32
2021-05-03,26.78
2021-05-04,25.55
2021-05-05,24.09
2021-05-06,24.96
2021-05-07,23.76
2021-05-08,24.24
2021-05-09,24.34
2021-05-10,24.47
2021-05-11,24.94
2021-05-12,25.46
2021-05-13,24.63
2021-05-14,25.02
2021-05-15,25.48
2021-05-16,26.5
2021-05-17,25.56
2021-05-18,25.12
2021-05-19,23.44
2021-05-20,23.47
2021-05-21,24.44
2021-05-22,25.13
2021-05-23,25.11
2021-05-24,23.93
2021-05-25,25.35
2021-05-26,26.56
2021-05-27,26.06
2021-05-28,25.08
2021-05-29,24.46
2021-05-30,26.74
2021-05-31,26.3
2021-06-01,26.25
2021-06-02,25.88
2021-06-03,25.42
2021-06-04,24.89
2021-06-05,26.06
2021-06-06,26.46
2021-06-07,26.31
2021-06-08,27.43
2021-06-09,28.05
2021-06-10,28.28
2021-06-11,27.54
2021-06-12,27.07
2021-06-13,29.18
2021-06-14,29.28
2021-06-15,29.18
2021-06-16,28.85
2021-06-17,29.27
2021-06-18,28.77
2021-06-19,28.03
2021-06-20,29.81
2021-06-21,29.84
2021-06-22,29.99
2021-06-23,31.25
2021-06-24,31.07
2021-06-25,30.92
2021-06-26,31.77
2021-06-27,31.91
2021-06-28,32.05
2021-06-29,33.38
2021-06-30,34.74
2021-07-01,37.73
2021-07-02,36.46
2021-07-03,34.68
2021-07-04,37.9
2021-07-05,37.24
2021-07-06,36.99
2021-07-07,35.89
2021-07-08,33.59
2021-07-09,35.27
2021-07-10,36.89
2021-07-11,37.23
2021-07-12,35.72
2021-07-13,35.03
2021-07-14,34.55
2021-07-15,34.13
2021-07-16,34.28
2021-07-17,35.67
2021-07-18,36.35
2021-07-19,37.39
2021-07-20,37.19
2021-07-21,37.36
2021-07-22,37.21
2021-07-23,35.88
2021-07-24,35.4
2021-07-25,38.31
2021-07-26,37.46
2021-07-27,38.08
2021-07-28,38.89
2021-07-29,40.18
2021-07-30,39.22
2021-07-31,39.22
2021-08-01,40.93
2021-08-02,42.31
2021-08-03,41.91
2021-08-04,41.87
2021-08-05,41.48
2021-08-06,42.82
2021-08-07,43.56
2021-08-08,43.84
2021-08-09,42.88
2021-08-10,44.53
2021-08-11,45.46
2021-08-12,46.3
2021-08-13,45.36
2021-08-14,47.61
2021-08-15,45.75
2021-08-16,47.23
2021-08-17,47.5
2021-08-18,46.87
2021-08-19,42.79
2021-08-20,42.31
2021-08-21,41.6
2021-08-22,42.06
2021-08-23,42.3
2021-08-24,44.2
2021-08-25,46.94
2021-08-26,47.03
2021-08-27,46.06
2021-08-28,46.42
2021-08-29,49.35
2021-08-30,51.5
2021-08-31,51.78
2021-09-01,53.96
2021-09-02,53.49
2021-09-03,52.38
2021-09-04,51.54
2021-09-05,53.0
2021-09-06,53.93
2021-09-07,53.98
2021-09-08,56.37
2021-09-09,59.17
2021-09-10,58.5
2021-09-11,59.78
2021-09-12,61.68
2021-09-13,63.6
2021-09-14,69.32
2021-09-15,75.62
2021-09-16,67.42
2021-09-17,66.63
2021-09-18,65.22
2021-09-19,66.6
2021-09-20,70.36
2021-09-21,73.49
2021-09-22,71.54
2021-09-23,69.71
2021-09-24,68.82
2021-09-25,70.48
2021-09-26,72.31
2021-09-27,75.57
2021-09-28,83.23
2021-09-29,82.68
2021-09-30,93.43
2021-10-01,91.92
2021-10-02,88.89
2021-10-03,82.34
2021-10-04,91.32
2021-10-05,109.98
2021-10-06,117.79
2021-10-07,100.86
2021-10-08,96.41
2021-10-09,95.07
2021-10-10,90.42
2021-10-11,84.61
2021-10-12,85.48
2021-10-13,90.69
2021-10-14,97.88
2021-10-15,93.7
2021-10-16,89.92
2021-10-17,93.9
2021-10-18,92.53
2021-10-19,88.04
2021-10-20,89.76
2021-10-21,88.38
2021-10-22,87.74
2021-10-23,90.39
2021-10-24,94.12
2021-10-25,92.86
2021-10-26,91.32
2021-10-27,86.07
2021-10-28,76.49
2021-10-29,67.82
2021-10-30,60.4
2021-10-31,59.66
2021-11-01,63.95
2021-11-02,66.21
2021-11-03,74.63
2021-11-04,73.77
2021-11-05,72.47
2021-11-06,71.24
2021-11-07,73.24
2021-11-08,76.93
2021-11-09,76.59
2021-11-10,68.04
2021-11-11,74.43
2021-11-12,76.72
2021-11-13,77.79
2021-11-14,79.01
2021-11-15,80.8
2021-11-16,89.08
2021-11-17,99.87
2021-11-18,94.81
2021-11-19,92.51
2021-11-20,95.55
2021-11-21,92.75
2021-11-22,87.43
2021-11-23,92.44
2021-11-24,95.18
2021-11-25,96.05
2021-11-26,93.36
2021-11-27,93.39
2021-11-28,95.47
2021-11-29,99.54
2021-11-30,99.31
2021-12-01,96.94
2021-12-02,95.3
2021-12-03,94.37
2021-12-04,90.81
2021-12-05,90.91
2021-12-06,90.26
2021-12-07,95.56
2021-12-08,101.91
2021-12-09,100.61
2021-12-10,103.85
2021-12-11,111.16
2021-12-12,111.96
2021-12-13,117.2
2021-12-14,121.85
2021-12-15,127.85
2021-12-16,133.9
2021-12-17,135.45
2021-12-18,140.43
2021-12-19,156.62
2021-12-20,144.38
2021-12-21,168.29
2021-12-22,173.07
2021-12-23,139.13
2021-12-24,101.37
2021-12-25,80.07
2021-12-26,80.35
2021-12-27,91.46
2021-12-28,92.78
2021-12-29,94.31
2021-12-30,83.36
2021-12-31,67.93
2022-01-01,53.17
2022-01-02,57.72
2022-01-03,73.58
2022-01-04,88.17
2022-01-05,90.2
2022-01-06,93.3
2022-01-07,90.75
2022-01-08,85.8
2022-01-09,88.1
2022-01-10,86.36
2022-01-11,80.89
2022-01-12,77.97
2022-01-13,74.24
2022-01-14,88.32
2022-01-15,87.73
2022-01-16,93.34
2022-01-17,80.56
2022-01-18,77.46
2022-01-19,73.09
2022-01-20,71.88
2022-01-21,77.69
2022-01-22,81.69
2022-01-23,86.0
2022-01-24,86.87
2022-01-25,90.64
2022-01-26,90.05
2022-01-27,90.7
2022-01-28,92.0
2022-01-29,92.61
2022-01-30,94.13
2022-01-31,85.05
2022-02-01,76.28
2022-02-02,77.72
2022-02-03,78.04
2022-02-04,80.58
2022-02-05,80.81
2022-02-06,82.25
2022-02-07,77.83
2022-02-08,80.89
2022-02-09,76.4
2022-02-10,74.85
2022-02-11,75.02
2022-02-12,77.79
2022-02-13,79.34
2022-02-14,80.77
2022-02-15,73.98
2022-02-16,68.28
2022-02-17,72.06
2022-02-18,70.45
2022-02-19,74.75
2022-02-20,78.37
2022-02-21,72.12
2022-02-22,78.44
2022-02-23,85.42
2022-02-24,121.74
2022-02-25,100.85
2022-02-26,108.31
2022-02-27,110.0
2022-02-28,105.7
2022-03-01,110.77
2022-03-02,160.0
2022-03-03,164.59
2022-03-04,179.87
2022-03-05,195.74
2022-03-06,198.56
2022-03-07,241.36
2022-03-08,206.1
2022-03-09,154.47
2022-03-10,127.38
2022-03-11,116.77
2022-03-12,114.96
2022-03-13,121.75
2022-03-14,108.2
2022-03-15,111.03
2022-03-16,101.73
2022-03-17,102.44
2022-03-18,101.95
2022-03-19,91.46
2022-03-20,98.0
2022-03-21,95.48
2022-03-22,93.69
2022-03-23,104.04
2022-03-24,112.29
2022-03-25,100.96
2022-03-26,92.25
2022-03-27,94.78
2022-03-28,99.83
2022-03-29,106.29
2022-03-30,113.38
2022-03-31,115.83
2022-04-01,117.99
2022-04-02,116.15
2022-04-03,116.14
2022-04-04,107.41
2022-04-05,104.97
2022-04-06,103.56
2022-04-07,98.25
2022-04-08,97.63
2022-04-09,100.66
2022-04-10,102.4
2022-04-11,94.59
2022-04-12,94.26
2022-04-13,93.16
2022-04-14,84.44
2022-04-15,71.97
2022-04-16,72.58
2022-04-17,66.21
2022-04-18,63.34
2022-04-19,71.82
2022-04-20,81.7
2022-04-21,84.68
2022-04-22,80.72
2022-04-23,77.19
2022-04-24,87.74
2022-04-25,85.48
2022-04-26,80.03
2022-04-27,90.02
2022-04-28,81.69
2022-04-29,75.95
2022-04-30,80.64
2022-05-01,83.65
2022-05-02,81.24
2022-05-03,81.84
2022-05-04,84.14
2022-05-05,84.3
2022-05-06,81.53
2022-05-07,81.53
2022-05-08,84.12
2022-05-09,78.12
2022-05-10,69.89
2022-05-11,69.78
2022-05-12,81.53
2022-05-13,75.23
2022-05-14,76.81
2022-05-15,77.01
2022-05-16,74.04
2022-05-17,72.56
2022-05-18,76.16
2022-05-19,75.81
2022-05-20,74.41
2022-05-21,74.46
2022-05-22,79.97
2022-05-23,72.77
2022-05-24,75.62
2022-05-25,75.77
2022-05-26,75.73
2022-05-27,72.68
2022-05-28,74.98
2022-05-29,80.16
2022-05-30,79.77
2022-05-31,82.48
2022-06-01,78.64
2022-06-02,78.4
2022-06-03,75.15
2022-06-04,78.36
2022-06-05,77.56
2022-06-06,74.26
2022-06-07,71.74
2022-06-08,71.94
2022-06-09,79.23
2022-06-10,79.34
2022-06-11,77.18
2022-06-12,79.4
2022-06-13,79.52
2022-06-14,85.65
2022-06-15,100.72
2022-06-16,122.22
2022-06-17,110.92
2022-06-18,107.04
2022-06-19,114.42
2022-06-20,116.38
2022-06-21,116.51
2022-06-22,118.1
2022-06-23,121.37
2022-06-24,117.45
2022-06-25,117.88
2022-06-26,124.37
2022-06-27,120.47
2022-06-28,115.35
2022-06-29,117.6
2022-06-30,124.59
2022-07-01,125.58
2022-07-02,125.18
2022-07-03,136.15
2022-07-04,135.36
2022-07-05,144.37
2022-07-06,140.04
2022-07-07,154.07
2022-07-08,148.21
2022-07-09,142.31
2022-07-10,145.19
2022-07-11,141.21
2022-07-12,141.69
2022-07-13,145.61
2022-07-14,136.44
2022-07-15,114.77
2022-07-16,95.11
2022-07-17,100.11
2022-07-18,107.14
2022-07-19,112.28
2022-07-20,115.57
2022-07-21,120.84
2022-07-22,125.61
2022-07-23,124.74
2022-07-24,130.96
2022-07-25,128.08
2022-07-26,135.21
2022-07-27,142.96
2022-07-28,137.12
2022-07-29,117.21
2022-07-30,108.25
2022-07-31,122.18
2022-08-01,124.28
2022-08-02,129.25
2022-08-03,130.34
2022-08-04,132.22
2022-08-05,128.52
2022-08-06,119.84
2022-08-07,126.81
2022-08-08,128.93
2022-08-09,125.81
2022-08-10,137.3
2022-08-11,146.91
2022-08-12,146.11
2022-08-13,147.87
2022-08-14,146.69
2022-08-15,148.65
2022-08-16,158.55
2022-08-17,156.97
2022-08-18,160.14
2022-08-19,166.51
2022-08-20,182.74
2022-08-21,190.89
2022-08-22,208.96
2022-08-23,204.66
2022-08-24,207.32
2022-08-25,226.23
2022-08-26,219.1
2022-08-27,217.29
2022-08-28,230.48
2022-08-29,232.55
2022-08-30,206.68
2022-08-31,187.38
2022-09-01,165.95
2022-09-02,119.98
2022-09-03,123.0
2022-09-04,134.14
2022-09-05,127.11
2022-09-06,106.1
2022-09-07,106.18
2022-09-08,124.95
2022-09-09,137.76
2022-09-10,144.59
2022-09-11,146.06
2022-09-12,137.3
2022-09-13,137.43
2022-09-14,159.57
2022-09-15,155.59
2022-09-16,97.16
2022-09-17,115.73
2022-09-18,122.21
2022-09-19,113.91
2022-09-20,119.2
2022-09-21,120.46
2022-09-22,111.26
2022-09-23,101.32
2022-09-24,89.81
2022-09-25,95.34
2022-09-26,83.47
2022-09-27,92.09
2022-09-28,90.48
2022-09-29,83.1
2022-09-30,77.24
2022-10-01,94.75
2022-10-02,116.27
2022-10-03,97.04
2022-10-04,98.96
2022-10-05,89.18
2022-10-06,87.69
2022-10-07,80.82
2022-10-08,73.47
2022-10-09,86.13
2022-10-10,80.38
2022-10-11,75.52
2022-10-12,78.26
2022-10-13,72.52
2022-10-14,57.69
2022-10-15,58.15
2022-10-16,63.13
2022-10-17,38.82
2022-10-18,24.41
2022-10-19,28.76
2022-10-20,43.38
2022-10-21,40.26
2022-10-22,37.04
2022-10-23,44.69
2022-10-24,32.46
2022-10-25,36.72
2022-10-26,46.38
2022-10-27,42.84
2022-10-28,40.07
2022-10-29,55.6
2022-10-30,79.22
2022-10-31,50.32
2022-11-01,51.06
2022-11-02,50.23
2022-11-03,59.43
2022-11-04,47.18
2022-11-05,49.05
2022-11-06,44.29
2022-11-07,45.01
2022-11-08,48.16
2022-11-09,48.63
2022-11-10,53.02
2022-11-11,49.71
2022-11-12,55.23
2022-11-13,57.1
2022-11-14,56.74
2022-11-15,53.93
2022-11-16,52.94
2022-11-17,52.58
2022-11-18,53.18
2022-11-19,49.21
2022-11-20,52.76
2022-11-21,50.78
2022-11-22,56.5
2022-11-23,76.8
2022-11-24,89.77
2022-11-25,89.17
2022-11-26,85.16
2022-11-27,86.43
2022-11-28,92.59
2022-11-29,101.25
2022-11-30,118.27
2022-12-01,104.83
2022-12-02,102.92
2022-12-03,138.62
2022-12-04,141.97
2022-12-05,125.37
2022-12-06,121.66
2022-12-07,121.64
2022-12-08,127.72
2022-12-09,128.01
2022-12-10,133.5
2022-12-11,135.1
2022-12-12,119.1
2022-12-13,119.06
2022-12-14,115.91
2022-12-15,115.89
2022-12-16,113.0
2022-12-17,107.14
2022-12-18,100.88
2022-12-19,91.22
2022-12-20,86.42
2022-12-21,80.22
2022-12-22,73.69
2022-12-23,68.43
2022-12-24,64.34
2022-12-25,70.0
2022-12-26,70.11
2022-12-27,72.31
2022-12-28,62.82
2022-12-29,63.62
2022-12-30,57.08
2022-12-31,60.1
2023-01-01,63.81
2023-01-02,65.98
2023-01-03,67.29
2023-01-04,57.45
2023-01-05,59.05
2023-01-06,63.52
2023-01-07,61.94
2023-01-08,65.5
2023-01-09,65.48
2023-01-10,65.62
2023-01-11,61.5
2023-01-12,62.41
2023-01-13,62.69
2023-01-14,63.32
2023-01-15,61.44
2023-01-16,54.05
2023-01-17,51.61
2023-01-18,57.94
2023-01-19,58.49
2023-01-20,59.88
2023-01-21,66.33
2023-01-22,67.31
2023-01-23,61.87
2023-01-24,55.19
2023-01-25,50.81
2023-01-26,51.4
2023-01-27,50.68
2023-01-28,55.63
2023-01-29,56.75
2023-01-30,54.35
2023-01-31,56.0
2023-02-01,57.28
2023-02-02,56.06
2023-02-03,57.93
2023-02-04,60.43
2023-02-05,60.58
2023-02-06,56.2
2023-02-07,54.99
2023-02-08,52.58
2023-02-09,52.59
2023-02-10,52.38
2023-02-11,54.26
2023-02-12,55.43
2023-02-13,51.08
2023-02-14,51.65
2023-02-15,53.12
2023-02-16,51.15
2023-02-17,48.43
2023-02-18,47.84
2023-02-19,48.83
2023-02-20,50.39
2023-02-21,47.94
2023-02-22,49.04
2023-02-23,49.49
2023-02-24,51.51
2023-02-25,49.38
2023-02-26,50.0
2023-02-27,47.5
2023-02-28,46.78
2023-03-01,47.65
2023-03-02,48.04
2023-03-03,46.43
2023-03-04,47.67
2023-03-05,50.49
2023-03-06,44.57
2023-03-07,44.11
2023-03-08,43.73
2023-03-09,41.83
2023-03-10,47.55
2023-03-11,55.78
2023-03-12,51.06
2023-03-13,49.51
2023-03-14,45.94
2023-03-15,43.1
2023-03-16,42.52
2023-03-17,42.63
2023-03-18,41.64
2023-03-19,43.58
2023-03-20,39.97
2023-03-21,39.97
2023-03-22,39.43
2023-03-23,41.16
2023-03-24,41.33
2023-03-25,40.48
2023-03-26,39.14
2023-03-27,40.47
2023-03-28,40.01
2023-03-29,38.97
2023-03-30,36.47
2023-03-31,39.21
2023-04-01,43.38
2023-04-02,43.99
2023-04-03,43.94
2023-04-04,42.37
2023-04-05,41.26
2023-04-06,40.83
2023-04-07,40.93
2023-04-08,42.12
2023-04-09,42.7
2023-04-10,40.48
2023-04-11,39.13
2023-04-12,38.56
2023-04-13,37.25
2023-04-14,36.72
2023-04-15,37.82
2023-04-16,38.36
2023-04-17,36.51
2023-04-18,36.91
2023-04-19,36.18
2023-04-20,35.76
2023-04-21,36.42
2023-04-22,34.08
2023-04-23,34.34
2023-04-24,34.04
2023-04-25,34.42
2023-04-26,34.67
2023-04-27,35.06
2023-04-28,34.88
2023-04-29,35.17
2023-04-30,35.48
2023-05-01,35.62
2023-05-02,34.58
2023-05-03,32.99
2023-05-04,32.96
2023-05-05,33.16
2023-05-06,33.48
2023-05-07,34.28
2023-05-08,33.51
2023-05-09,32.78
2023-05-10,30.47
2023-05-11,27.16
2023-05-12,27.62
2023-05-13,28.97
2023-05-14,29.42
2023-05-15,25.23
2023-05-16,25.77
2023-05-17,26.59
2023-05-18,26.0
2023-05-19,25.93
2023-05-20,27.04
2023-05-21,28.79
2023-05-22,26.84
2023-05-23,27.13
2023-05-24,26.41
2023-05-25,24.4
2023-05-26,23.54
2023-05-27,26.95
2023-05-28,28.2
2023-05-29,27.01
2023-05-30,25.2
2023-05-31,25.84
2023-06-01,24.5
2023-06-02,23.77
2023-06-03,23.7
2023-06-04,24.15
2023-06-05,27.24
2023-06-06,25.75
2023-06-07,25.56
2023-06-08,26.64
2023-06-09,28.26
2023-06-10,25.49
2023-06-11,27.55
2023-06-12,29.01
2023-06-13,31.24
2023-06-14,35.83
2023-06-15,41.74
2023-06-16,36.03
2023-06-17,33.89
2023-06-18,34.14
2023-06-19,33.33
2023-06-20,38.71
2023-06-21,38.51
2023-06-22,36.15
2023-06-23,31.54
2023-06-24,32.19
2023-06-25,32.97
2023-06-26,32.36
2023-06-27,32.67
2023-06-28,33.5
2023-06-29,32.62
2023-06-30,33.66
2023-07-01,37.36
2023-07-02,38.24
2023-07-03,35.99
2023-07-04,34.13
2023-07-05,34.93
2023-07-06,32.43
2023-07-07,32.43
2023-07-08,32.05
2023-07-09,33.68
2023-07-10,32.0
2023-07-11,30.11
2023-07-12,29.13
2023-07-13,28.13
2023-07-14,27.1
2023-07-15,25.44
2023-07-16,26.54
2023-07-17,25.94
2023-07-18,27.88
2023-07-19,29.02
2023-07-20,28.69
2023-07-21,30.14
2023-07-22,28.84
2023-07-23,28.15
2023-07-24,29.72
2023-07-25,32.04
2023-07-26,30.35
2023-07-27,28.38
2023-07-28,26.67
2023-07-29,25.14
2023-07-30,24.87
2023-07-31,26.55
2023-08-01,27.55
2023-08-02,27.24
2023-08-03,29.12
2023-08-04,28.46
2023-08-05,28.66
2023-08-06,28.45
2023-08-07,29.13
2023-08-08,29.67
2023-08-09,35.75
2023-08-10,37.45
2023-08-11,35.33
2023-08-12,32.78
2023-08-13,33.51
2023-08-14,33.08
2023-08-15,35.49
2023-08-16,36.37
2023-08-17,36.52
2023-08-18,35.36
2023-08-19,37.17
2023-08-20,39.35
2023-08-21,39.52
2023-08-22,42.87
2023-08-23,39.34
2023-08-24,32.69
2023-08-25,33.98
2023-08-26,34.83
2023-08-27,34.57
2023-08-28,36.35
2023-08-29,36.47
2023-08-30,35.54
2023-08-31,35.94
2023-09-01,34.4
2023-09-02,34.22
2023-09-03,34.43
2023-09-04,33.79
2023-09-05,33.81
2023-09-06,33.3
2023-09-07,31.2
2023-09-08,34.45
2023-09-09,35.83
2023-09-10,37.41
2023-09-11,37.04
2023-09-12,35.64
2023-09-13,35.63
2023-09-14,36.32
2023-09-15,35.17
2023-09-16,38.3
2023-09-17,37.56
2023-09-18,35.32
2023-09-19,35.44
2023-09-20,37.45
2023-09-21,37.76
2023-09-22,40.36
2023-09-23,41.88
2023-09-24,41.37
2023-09-25,43.9
2023-09-26,41.41
2023-09-27,39.08
2023-09-28,40.72
2023-09-29,38.83
2023-09-30,39.05
2023-10-01,39.99
2023-10-02,37.56
2023-10-03,32.93
2023-10-04,34.33
2023-10-05,34.26
2023-10-06,34.46
2023-10-07,37.51
2023-10-08,38.04
2023-10-09,40.15
2023-10-10,45.7
2023-10-11,45.77
2023-10-12,47.05
2023-10-13,51.98
2023-10-14,51.99
2023-10-15,52.3
2023-10-16,47.67
2023-10-17,42.2
2023-10-18,42.84
2023-10-19,40.84
2023-10-20,43.88
2023-10-21,44.74
2023-10-22,46.5
2023-10-23,45.58
2023-10-24,46.3
2023-10-25,46.15
2023-10-26,45.58
2023-10-27,45.02
2023-10-28,45.55
2023-10-29,45.52
2023-10-30,46.79
2023-10-31,40.27
2023-11-01,35.5
2023-11-02,34.28
2023-11-03,36.41
2023-11-04,37.8
2023-11-05,37.65
2023-11-06,38.54
2023-11-07,40.99
2023-11-08,40.08
2023-11-09,37.79
2023-11-10,35.51
2023-11-11,34.69
2023-11-12,32.05
2023-11-13,30.94
2023-11-14,36.59
2023-11-15,40.26
2023-11-16,40.69
2023-11-17,38.36
2023-11-18,38.12
2023-11-19,38.47
2023-11-20,39.84
2023-11-21,39.3
2023-11-22,39.71
2023-11-23,41.2
2023-11-24,42.88
2023-11-25,43.29
2023-11-26,43.89
2023-11-27,41.56
2023-11-28,40.42
2023-11-29,38.16
2023-11-30,37.9
2023-12-01,40.64
2023-12-02,42.5
2023-12-03,42.36
2023-12-04,39.12
2023-12-05,37.18
2023-12-06,36.76
2023-12-07,37.44
2023-12-08,37.48
2023-12-09,36.1
2023-12-10,37.28
2023-12-11,34.07
2023-12-12,32.64
2023-12-13,32.74
2023-12-14,32.31
2023-12-15,31.65
2023-12-16,33.21
2023-12-17,33.9
2023-12-18,32.73
2023-12-19,31.14
2023-12-20,31.52
2023-12-21,32.18
2023-12-22,31.6
2023-12-23,32.46
2023-12-24,33.28
2023-12-25,34.18
2023-12-26,35.48
2023-12-27,34.32
2023-12-28,31.92
2023-12-29,31.91
2023-12-30,30.11
2023-12-31,30.3
2024-01-01,30.96
2024-01-02,30.75
2024-01-03,31.59
2024-01-04,32.4
2024-01-05,33.05
2024-01-06,34.79
2024-01-07,36.82
2024-01-08,32.11
2024-01-09,31.16
2024-01-10,30.68
2024-01-11,30.31
2024-01-12,30.68
2024-01-13,32.36
2024-01-14,32.49
2024-01-15,29.42
2024-01-16,28.69
2024-01-17,27.06
2024-01-18,27.11
2024-01-19,27.86
2024-01-20,28.39
2024-01-21,27.9
2024-01-22,26.68
2024-01-23,26.91
2024-01-24,27.52
2024-01-25,27.2
2024-01-26,26.68
2024-01-27,27.36
2024-01-28,27.73
2024-01-29,27.84
2024-01-30,28.18
2024-01-31,29.15
2024-02-01,28.11
2024-02-02,27.93
2024-02-03,28.54
2024-02-04,29.45
2024-02-05,27.97
2024-02-06,27.66
2024-02-07,27.41
2024-02-08,27.01
2024-02-09,26.43
2024-02-10,26.16
2024-02-11,25.96
2024-02-12,25.5
2024-02-13,25.29
2024-02-14,24.43
2024-02-15,24.6
2024-02-16,24.38
2024-02-17,24.99
2024-02-18,24.42
2024-02-19,23.52
2024-02-20,23.56
2024-02-21,23.66
2024-02-22,23.24
2024-02-23,22.43
2024-02-24,23.57
2024-02-25,23.49
2024-02-26,23.43
2024-02-27,23.69
2024-02-28,24.95
2024-02-29,24.52
2024-03-01,25.11
2024-03-02,25.04
2024-03-03,25.14
2024-03-04,25.57
2024-03-05,27.5
2024-03-06,27.15
2024-03-07,26.05
2024-03-08,26.23
2024-03-09,26.94
2024-03-10,27.11
2024-03-11,25.26
2024-03-12,24.66
2024-03-13,24.85
2024-03-14,25.26
2024-03-15,26.63
2024-03-16,27.85
2024-03-17,27.99
2024-03-18,28.68
2024-03-19,28.68
2024-03-20,28.19
2024-03-21,26.86
2024-03-22,26.93
2024-03-23,27.48
2024-03-24,27.28
2024-03-25,28.34
2024-03-26,27.37
2024-03-27,27.35
2024-03-28,27.72
2024-03-29,27.67
2024-03-30,28.2
2024-03-31,28.98
2024-04-01,30.37
2024-04-02,27.02
2024-04-03,26.04
2024-04-04,26.39
2024-04-05,26.78
2024-04-06,27.31
2024-04-07,27.54
2024-04-08,27.32
2024-04-09,28.07
2024-04-10,27.82
2024-04-11,29.26
2024-04-12,30.68
2024-04-13,30.15
2024-04-14,31.03
2024-04-15,30.73
2024-04-16,32.74
2024-04-17,31.38
2024-04-18,31.8
2024-04-19,31.83
2024-04-20,30.41
2024-04-21,30.64
2024-04-22,29.52
2024-04-23,28.84
2024-04-24,28.99
2024-04-25,30.01
2024-04-26,29.84
2024-04-27,29.97
2024-04-28,30.0
2024-04-29,28.37
2024-04-30,29.3
2024-05-01,29.15
2024-05-02,30.48
2024-05-03,31.07
2024-05-04,29.7
2024-05-05,30.4
2024-05-06,31.75
2024-05-07,31.14
2024-05-08,30.43
2024-05-09,30.87
2024-05-10,30.95
2024-05-11,30.14
2024-05-12,30.24
2024-05-13,29.52
2024-05-14,29.75
2024-05-15,30.02
2024-05-16,30.49
2024-05-17,30.98
2024-05-18,31.73
2024-05-19,31.73
2024-05-20,32.13
2024-05-21,32.73
2024-05-22,34.36
2024-05-23,35.7
2024-05-24,34.97
2024-05-25,34.72
2024-05-26,34.36
2024-05-27,35.12
2024-05-28,34.35
2024-05-29,34.22
2024-05-30,34.84
2024-05-31,35.42
2024-06-01,34.2
2024-06-02,34.62
2024-06-03,36.91
2024-06-04,35.39
2024-06-05,34.19
2024-06-06,33.99
2024-06-07,33.69
2024-06-08,33.72
2024-06-09,34.11
2024-06-10,33.79
2024-06-11,34.83
2024-06-12,35.31
2024-06-13,36.17
2024-06-14,35.53
2024-06-15,34.42
2024-06-16,34.73
2024-06-17,34.43
2024-06-18,34.45
2024-06-19,35.15
2024-06-20,35.09
2024-06-21,34.53
2024-06-22,34.38
2024-06-23,34.43
2024-06-24,34.12
2024-06-25,34.86
2024-06-26,34.8
2024-06-27,34.4
2024-06-28,33.96
2024-06-29,34.79
2024-06-30,34.36
2024-07-01,33.98
2024-07-02,33.34
2024-07-03,32.69
2024-07-04,32.78
2024-07-05,33.1
2024-07-06,32.8
2024-07-07,32.37
2024-07-08,32.3
2024-07-09,31.1
2024-07-10,30.8
2024-07-11,30.52
2024-07-12,30.97
2024-07-13,31.66
2024-07-14,31.59
2024-07-15,31.07
2024-07-16,32.25
2024-07-17,32.41
2024-07-18,32.36
2024-07-19,32.38
2024-07-20,31.03
2024-07-21,31.61
2024-07-22,31.57
2024-07-23,31.81
2024-07-24,32.68
2024-07-25,32.58
2024-07-26,33.28
2024-07-27,33.04
2024-07-28,33.67
2024-07-29,34.76
2024-07-30,35.1
2024-07-31,36.34
2024-08-01,37.47
2024-08-02,37.14
2024-08-03,36.91
2024-08-04,38.03
2024-08-05,36.15
2024-08-06,36.42
2024-08-07,37.21
2024-08-08,39.4
2024-08-09,39.8
2024-08-10,39.54
2024-08-11,40.35
2024-08-12,40.55
2024-08-13,39.4
2024-08-14,39.18
2024-08-15,39.04
2024-08-16,39.14
2024-08-17,39.69
2024-08-18,39.78
2024-08-19,39.83
2024-08-20,39.02
2024-08-21,37.81
2024-08-22,37.22
2024-08-23,36.92
2024-08-24,37.22
2024-08-25,37.3
2024-08-26,37.35
2024-08-27,38.81
2024-08-28,39.29
2024-08-29,38.98
2024-08-30,39.77
2024-08-31,40.79
2024-09-01,42.16
2024-09-02,39.54
2024-09-03,37.86
2024-09-04,36.71
2024-09-05,36.41
2024-09-06,37.17
2024-09-07,35.65
2024-09-08,36.43
2024-09-09,36.72
2024-09-10,35.53
2024-09-11,35.54
2024-09-12,35.21
2024-09-13,35.5
2024-09-14,36.44
2024-09-15,36.1
2024-09-16,34.51
2024-09-17,35.25
2024-09-18,35.64
2024-09-19,35.23
2024-09-20,34.62
2024-09-21,36.04
2024-09-22,36.16
2024-09-23,35.86
2024-09-24,35.99
2024-09-25,36.76
2024-09-26,37.3
2024-09-27,37.81
2024-09-28,38.42
2024-09-29,38.82
2024-09-30,38.89
2024-10-01,38.61
2024-10-02,39.02
2024-10-03,38.9
2024-10-04,39.91
2024-10-05,40.76
2024-10-06,40.75
2024-10-07,40.15
2024-10-08,39.19
2024-10-09,38.26
2024-10-10,39.2
2024-10-11,39.55
2024-10-12,39.18
2024-10-13,39.78
2024-10-14,39.7
2024-10-15,39.25
2024-10-16,39.23
2024-10-17,39.32
2024-10-18,39.01
2024-10-19,38.98
2024-10-20,39.2
2024-10-21,39.56
2024-10-22,40.1
2024-10-23,41.04
2024-10-24,42.05
2024-10-25,42.77
2024-10-26,44.26
2024-10-27,44.78
2024-10-28,42.43
2024-10-29,43.12
2024-10-30,41.98
2024-10-31,40.4
2024-11-01,39.28
2024-11-02,38.72
2024-11-03,39.68
2024-11-04,40.14
2024-11-05,40.7
2024-11-06,39.91
2024-11-07,41.0
2024-11-08,42.41
2024-11-09,42.16
2024-11-10,42.2
2024-11-11,43.37
2024-11-12,43.61
2024-11-13,43.63
2024-11-14,45.58
2024-11-15,45.8
2024-11-16,45.76
2024-11-17,45.99
2024-11-18,46.37
2024-11-19,46.12
2024-11-20,46.15
2024-11-21,48.02
2024-11-22,47.62
2024-11-23,46.31
2024-11-24,46.33
2024-11-25,48.02
2024-11-26,47.43
2024-11-27,46.5
2024-11-28,46.53
2024-11-29,46.85
2024-11-30,48.58
2024-12-01,49.81
2024-12-02,48.8
2024-12-03,48.73
2024-12-04,47.62
2024-12-05,46.98
2024-12-06,46.46
2024-12-07,45.36
2024-12-08,46.54
2024-12-09,45.4
2024-12-10,45.65
2024-12-11,45.53
2024-12-12,43.94
2024-12-13,43.29
2024-12-14,42.65
2024-12-15,43.26
2024-12-16,40.73
2024-12-17,42.2
2024-12-18,41.83
2024-12-19,42.72
2024-12-20,44.84
2024-12-21,45.99
2024-12-22,45.42
2024-12-23,45.47
2024-12-24,46.41
2024-12-25,47.98
2024-12-26,48.97
2024-12-27,48.21
2024-12-28,49.86
2024-12-29,51.93
2024-12-30,48.6
2024-12-31,49.28
2025-01-01,52.6
2025-01-02,50.76
2025-01-03,50.47
2025-01-04,51.01
2025-01-05,51.74
2025-01-06,48.61
2025-01-07,47.23
2025-01-08,46.61
2025-01-09,44.97
2025-01-10,44.95
2025-01-11,46.29
2025-01-12,46.71
2025-01-13,47.9
2025-01-14,47.97
2025-01-15,47.33
2025-01-16,46.18
2025-01-17,46.76
2025-01-18,48.19
2025-01-19,48.98
2025-01-20,47.53
2025-01-21,48.97
2025-01-22,48.97
2025-01-23,48.34
2025-01-24,48.55
2025-01-25,48.43
2025-01-26,48.29
2025-01-27,47.14
2025-01-28,
